"Status","Start Time","Stop Time","Duration in ms","Parent Suite","Suite","Sub Suite","Test Class","Test Method","Name","Description"
"broken","Thu Oct 27 01:09:40 CST 2022","Thu Oct 27 01:09:40 CST 2022","86","test_case","test_login","TestLogin","","","test_login[手机号码为空]","
        :param :
        :return:
        "
"broken","Thu Oct 27 01:09:39 CST 2022","Thu Oct 27 01:09:39 CST 2022","144","test_case","test_login","TestLogin","","","test_login[输入错误的密码]","
        :param :
        :return:
        "
"broken","Thu Oct 27 01:09:40 CST 2022","Thu Oct 27 01:09:40 CST 2022","99","test_case","test_login","TestLogin","","","test_login[输入手机号码小于11位]","
        :param :
        :return:
        "
"broken","Thu Oct 27 01:09:39 CST 2022","Thu Oct 27 01:09:39 CST 2022","101","test_case","test_login","TestLogin","","","test_login[登录密码为空]","
        :param :
        :return:
        "
"broken","Thu Oct 27 01:09:39 CST 2022","Thu Oct 27 01:09:39 CST 2022","100","test_case","test_login","TestLogin","","","test_login[正常登录]","
        :param :
        :return:
        "
"broken","Thu Oct 27 01:09:40 CST 2022","Thu Oct 27 01:09:40 CST 2022","80","test_case","test_login","TestLogin","","","test_login[输入手机号码大于于11位]","
        :param :
        :return:
        "
"broken","Thu Oct 27 01:09:39 CST 2022","Thu Oct 27 01:09:40 CST 2022","114","test_case","test_login","TestLogin","","","test_login[输入非1开头的手机号码]","
        :param :
        :return:
        "
"broken","Thu Oct 27 01:09:40 CST 2022","Thu Oct 27 01:09:40 CST 2022","115","test_case","test_login","TestLogin","","","test_login[手机号码首位包含空格]","
        :param :
        :return:
        "
